product_name,category,supplier,location,price
Reciprocating Air Compressor,machinery,,,
Industrial Air Compressors,machinery,,,
Oil Free Air Compressor,machinery,,,
High Pressure Reciprocating  Air Compressor,machinery,,,
Portable Air Compressor,machinery,,,
Silent Air Compressor,machinery,,,
Kaeser Air Compressors,machinery,,,
Atlas Copco Air Compressors,machinery,,,
Chicago Pneumatic Air Compressors,machinery,,,
Ingersoll Rand Air Compressors,machinery,,,
"Air Compressors, Accessories & Parts",machinery,,,
15kW 20hp ELGi Rotary Screw Compressor,machinery,,,
"1 HP Three Phase Air Compressor, 70L",machinery,,,
"Elephant Air Compressor 30 L 2 HP AC30C with Paint Spray Gun PF-01, 1.3 mm and PU Pipe 10 m Coil",machinery,,,
"3HP Air Compressor, 200 Ltr",machinery,,,
2 HP Reciprocating Air Compressor,machinery,,,
"Air Compressor 50 litre for Industrial Use, 3 HP",machinery,,,
EAC25100 Eastman Air Compressor Machine,machinery,,,
Air Compressor Pressure,machinery,,,
"10 HP Industrial Rotary Screw Air Compressor, Maximum Flow Rate: 40 cfm",machinery,,,
Gajjar Compressors Private Limited,machinery,,,
Nardi compressor Pacific oil.,machinery,,,
CAPTAIN AIR COMPRESSOR ME-8.,machinery,,,
Reciprocating 20 Hp Air Compressor,machinery,,,
10 HP Belt Driven Air Compressor,machinery,,,
Reciprocating 1 HP Three Cylinder Air Compressors,machinery,,,
Air Compressor Oil Type (KR-550-60L),machinery,,,
"10 HP Air Compressor Top Block, 220 V",machinery,,,
"Screw Air Compressor, 10 HP, Fixed Speed",machinery,,,
2 HP BTAC-4-V-B Btali V Type Air Compressor,machinery,,,
"7.5 HP AIR COMPRESSOR MK420-1, 2800 rpm",machinery,,,
"ELSON 2 Hp Air Compressor, 220",machinery,,,
2 HP Compressor Machine 50L Basic 250 50 W OF Portable Metabo,machinery,,,
3 HP Belt Driven Lubricated Compressor,machinery,,,
2.5 HP Taruu Spray Painting Air Compressor TR-0302/100,machinery,,,
Airgen Air Compressor,machinery,,,
5 HP Two Stage Heavy Duty Air Compressor,machinery,,,
"Sullair Screw Air Compressor, 15 HP, Fixed Speed",machinery,,,
Hanvi Compressors Pvt. Ltd.,machinery,,,
"2 Hp Air Compressor Single Stage Double Cylinder, 150 L",machinery,,,
"MS Vertical Air Compressor Receiver Tanks, 200, Storage Capacity(litre): 1000 L",machinery,,,
